slug,item,category,cabin,checked,updated,source_note
medication-plane,Medication on a plane,Medication,Allowed,Allowed,2026-07-03,"Based on general travel guidance. Confirm with airline, airport security and destination rules before travel."
baby-milk-plane,Baby milk on a plane,Baby travel,Allowed,Allowed,2026-07-03,"Based on general travel guidance. Confirm with airline, airport security and destination rules before travel."
liquids-tsa,Liquids under TSA rules,Liquids,Restricted,Allowed,2026-07-03,"Based on general travel guidance. Confirm with airline, airport security and destination rules before travel."
deodorant-uk,Deodorant in UK hand luggage,Cosmetics,Restricted,Allowed,2026-07-03,"Based on general travel guidance. Confirm with airline, airport security and destination rules before travel."
power-bank-ryanair,Power bank on Ryanair,Batteries,Allowed,Not allowed,2026-07-03,Based on general travel safety guidance and common airline baggage rules. Always confirm with Ryanair and your departure airport before travel.
power-bank-easyjet,Power bank on easyJet,Batteries,Allowed,Not allowed,2026-07-03,Based on general travel safety guidance and common airline baggage rules. Always confirm with easyJet and your departure airport before travel.
power-bank-british-airways,Power bank on British Airways,Batteries,Allowed,Not allowed,2026-07-03,Based on general travel safety guidance and common airline baggage rules. Always confirm with British Airways and your departure airport before travel.
power-bank-emirates,Power bank on Emirates,Batteries,Allowed,Not allowed,2026-07-03,Based on general travel safety guidance and common airline baggage rules. Always confirm with Emirates and your departure airport before travel.
power-bank-qatar-airways,Power bank on Qatar Airways,Batteries,Allowed,Not allowed,2026-07-03,Based on general travel safety guidance and common airline baggage rules. Always confirm with Qatar Airways and your departure airport before travel.
power-bank-virgin-atlantic,Power bank on Virgin Atlantic,Batteries,Allowed,Not allowed,2026-07-03,Based on general travel safety guidance and common airline baggage rules. Always confirm with Virgin Atlantic and your departure airport before travel.
power-bank-air-india,Power bank on Air India,Batteries,Allowed,Not allowed,2026-07-03,Based on general travel safety guidance and common airline baggage rules. Always confirm with Air India and your departure airport before travel.
power-bank-lufthansa,Power bank on Lufthansa,Batteries,Allowed,Not allowed,2026-07-03,Based on general travel safety guidance and common airline baggage rules. Always confirm with Lufthansa and your departure airport before travel.
power-bank-turkish-airlines,Power bank on Turkish Airlines,Batteries,Allowed,Not allowed,2026-07-03,Based on general travel safety guidance and common airline baggage rules. Always confirm with Turkish Airlines and your departure airport before travel.
power-bank-singapore-airlines,Power bank on Singapore Airlines,Batteries,Allowed,Not allowed,2026-07-03,Based on general travel safety guidance and common airline baggage rules. Always confirm with Singapore Airlines and your departure airport before travel.
power-bank-etihad-airways,Power bank on Etihad Airways,Batteries,Allowed,Not allowed,2026-07-03,Based on general travel safety guidance and common airline baggage rules. Always confirm with Etihad Airways and your departure airport before travel.
power-bank-klm,Power bank on KLM,Batteries,Allowed,Not allowed,2026-07-03,Based on general travel safety guidance and common airline baggage rules. Always confirm with KLM and your departure airport before travel.
power-bank-air-france,Power bank on Air France,Batteries,Allowed,Not allowed,2026-07-03,Based on general travel safety guidance and common airline baggage rules. Always confirm with Air France and your departure airport before travel.
power-bank-american-airlines,Power bank on American Airlines,Batteries,Allowed,Not allowed,2026-07-03,Based on general travel safety guidance and common airline baggage rules. Always confirm with American Airlines and your departure airport before travel.
power-bank-delta-air-lines,Power bank on Delta Air Lines,Batteries,Allowed,Not allowed,2026-07-03,Based on general travel safety guidance and common airline baggage rules. Always confirm with Delta Air Lines and your departure airport before travel.
power-bank-united-airlines,Power bank on United Airlines,Batteries,Allowed,Not allowed,2026-07-03,Based on general travel safety guidance and common airline baggage rules. Always confirm with United Airlines and your departure airport before travel.
power-bank-southwest-airlines,Power bank on Southwest Airlines,Batteries,Allowed,Not allowed,2026-07-03,Based on general travel safety guidance and common airline baggage rules. Always confirm with Southwest Airlines and your departure airport before travel.
power-bank-jetblue,Power bank on JetBlue,Batteries,Allowed,Not allowed,2026-07-03,Based on general travel safety guidance and common airline baggage rules. Always confirm with JetBlue and your departure airport before travel.
power-bank-wizz-air,Power bank on Wizz Air,Batteries,Allowed,Not allowed,2026-07-03,Based on general travel safety guidance and common airline baggage rules. Always confirm with Wizz Air and your departure airport before travel.
power-bank-tui-airways,Power bank on TUI Airways,Batteries,Allowed,Not allowed,2026-07-03,Based on general travel safety guidance and common airline baggage rules. Always confirm with TUI Airways and your departure airport before travel.
power-bank-aer-lingus,Power bank on Aer Lingus,Batteries,Allowed,Not allowed,2026-07-03,Based on general travel safety guidance and common airline baggage rules. Always confirm with Aer Lingus and your departure airport before travel.
power-bank-iberia,Power bank on Iberia,Batteries,Allowed,Not allowed,2026-07-03,Based on general travel safety guidance and common airline baggage rules. Always confirm with Iberia and your departure airport before travel.
power-bank-vueling,Power bank on Vueling,Batteries,Allowed,Not allowed,2026-07-03,Based on general travel safety guidance and common airline baggage rules. Always confirm with Vueling and your departure airport before travel.
power-bank-norwegian,Power bank on Norwegian,Batteries,Allowed,Not allowed,2026-07-03,Based on general travel safety guidance and common airline baggage rules. Always confirm with Norwegian and your departure airport before travel.
power-bank-finnair,Power bank on Finnair,Batteries,Allowed,Not allowed,2026-07-03,Based on general travel safety guidance and common airline baggage rules. Always confirm with Finnair and your departure airport before travel.
power-bank-thai-airways,Power bank on Thai Airways,Batteries,Allowed,Not allowed,2026-07-03,Based on general travel safety guidance and common airline baggage rules. Always confirm with Thai Airways and your departure airport before travel.
power-bank-japan-airlines,Power bank on Japan Airlines,Batteries,Allowed,Not allowed,2026-07-03,Based on general travel safety guidance and common airline baggage rules. Always confirm with Japan Airlines and your departure airport before travel.
power-bank-ana,Power bank on ANA,Batteries,Allowed,Not allowed,2026-07-03,Based on general travel safety guidance and common airline baggage rules. Always confirm with ANA and your departure airport before travel.
power-bank-cathay-pacific,Power bank on Cathay Pacific,Batteries,Allowed,Not allowed,2026-07-03,Based on general travel safety guidance and common airline baggage rules. Always confirm with Cathay Pacific and your departure airport before travel.
power-bank-air-canada,Power bank on Air Canada,Batteries,Allowed,Not allowed,2026-07-03,Based on general travel safety guidance and common airline baggage rules. Always confirm with Air Canada and your departure airport before travel.
medication-ryanair,Medication on Ryanair,Medication,Allowed,Allowed,2026-07-03,Based on general travel safety guidance and common airline baggage rules. Always confirm with Ryanair and your departure airport before travel.
medication-easyjet,Medication on easyJet,Medication,Allowed,Allowed,2026-07-03,Based on general travel safety guidance and common airline baggage rules. Always confirm with easyJet and your departure airport before travel.
medication-british-airways,Medication on British Airways,Medication,Allowed,Allowed,2026-07-03,Based on general travel safety guidance and common airline baggage rules. Always confirm with British Airways and your departure airport before travel.
medication-emirates,Medication on Emirates,Medication,Allowed,Allowed,2026-07-03,Based on general travel safety guidance and common airline baggage rules. Always confirm with Emirates and your departure airport before travel.
medication-qatar-airways,Medication on Qatar Airways,Medication,Allowed,Allowed,2026-07-03,Based on general travel safety guidance and common airline baggage rules. Always confirm with Qatar Airways and your departure airport before travel.
medication-virgin-atlantic,Medication on Virgin Atlantic,Medication,Allowed,Allowed,2026-07-03,Based on general travel safety guidance and common airline baggage rules. Always confirm with Virgin Atlantic and your departure airport before travel.
medication-air-india,Medication on Air India,Medication,Allowed,Allowed,2026-07-03,Based on general travel safety guidance and common airline baggage rules. Always confirm with Air India and your departure airport before travel.
medication-lufthansa,Medication on Lufthansa,Medication,Allowed,Allowed,2026-07-03,Based on general travel safety guidance and common airline baggage rules. Always confirm with Lufthansa and your departure airport before travel.
medication-turkish-airlines,Medication on Turkish Airlines,Medication,Allowed,Allowed,2026-07-03,Based on general travel safety guidance and common airline baggage rules. Always confirm with Turkish Airlines and your departure airport before travel.
medication-singapore-airlines,Medication on Singapore Airlines,Medication,Allowed,Allowed,2026-07-03,Based on general travel safety guidance and common airline baggage rules. Always confirm with Singapore Airlines and your departure airport before travel.
medication-etihad-airways,Medication on Etihad Airways,Medication,Allowed,Allowed,2026-07-03,Based on general travel safety guidance and common airline baggage rules. Always confirm with Etihad Airways and your departure airport before travel.
medication-klm,Medication on KLM,Medication,Allowed,Allowed,2026-07-03,Based on general travel safety guidance and common airline baggage rules. Always confirm with KLM and your departure airport before travel.
medication-air-france,Medication on Air France,Medication,Allowed,Allowed,2026-07-03,Based on general travel safety guidance and common airline baggage rules. Always confirm with Air France and your departure airport before travel.
medication-american-airlines,Medication on American Airlines,Medication,Allowed,Allowed,2026-07-03,Based on general travel safety guidance and common airline baggage rules. Always confirm with American Airlines and your departure airport before travel.
medication-delta-air-lines,Medication on Delta Air Lines,Medication,Allowed,Allowed,2026-07-03,Based on general travel safety guidance and common airline baggage rules. Always confirm with Delta Air Lines and your departure airport before travel.
medication-united-airlines,Medication on United Airlines,Medication,Allowed,Allowed,2026-07-03,Based on general travel safety guidance and common airline baggage rules. Always confirm with United Airlines and your departure airport before travel.
medication-southwest-airlines,Medication on Southwest Airlines,Medication,Allowed,Allowed,2026-07-03,Based on general travel safety guidance and common airline baggage rules. Always confirm with Southwest Airlines and your departure airport before travel.
medication-jetblue,Medication on JetBlue,Medication,Allowed,Allowed,2026-07-03,Based on general travel safety guidance and common airline baggage rules. Always confirm with JetBlue and your departure airport before travel.
medication-wizz-air,Medication on Wizz Air,Medication,Allowed,Allowed,2026-07-03,Based on general travel safety guidance and common airline baggage rules. Always confirm with Wizz Air and your departure airport before travel.
medication-tui-airways,Medication on TUI Airways,Medication,Allowed,Allowed,2026-07-03,Based on general travel safety guidance and common airline baggage rules. Always confirm with TUI Airways and your departure airport before travel.
medication-aer-lingus,Medication on Aer Lingus,Medication,Allowed,Allowed,2026-07-03,Based on general travel safety guidance and common airline baggage rules. Always confirm with Aer Lingus and your departure airport before travel.
medication-iberia,Medication on Iberia,Medication,Allowed,Allowed,2026-07-03,Based on general travel safety guidance and common airline baggage rules. Always confirm with Iberia and your departure airport before travel.
medication-vueling,Medication on Vueling,Medication,Allowed,Allowed,2026-07-03,Based on general travel safety guidance and common airline baggage rules. Always confirm with Vueling and your departure airport before travel.
medication-norwegian,Medication on Norwegian,Medication,Allowed,Allowed,2026-07-03,Based on general travel safety guidance and common airline baggage rules. Always confirm with Norwegian and your departure airport before travel.
medication-finnair,Medication on Finnair,Medication,Allowed,Allowed,2026-07-03,Based on general travel safety guidance and common airline baggage rules. Always confirm with Finnair and your departure airport before travel.
medication-thai-airways,Medication on Thai Airways,Medication,Allowed,Allowed,2026-07-03,Based on general travel safety guidance and common airline baggage rules. Always confirm with Thai Airways and your departure airport before travel.
medication-japan-airlines,Medication on Japan Airlines,Medication,Allowed,Allowed,2026-07-03,Based on general travel safety guidance and common airline baggage rules. Always confirm with Japan Airlines and your departure airport before travel.
medication-ana,Medication on ANA,Medication,Allowed,Allowed,2026-07-03,Based on general travel safety guidance and common airline baggage rules. Always confirm with ANA and your departure airport before travel.
medication-cathay-pacific,Medication on Cathay Pacific,Medication,Allowed,Allowed,2026-07-03,Based on general travel safety guidance and common airline baggage rules. Always confirm with Cathay Pacific and your departure airport before travel.
medication-air-canada,Medication on Air Canada,Medication,Allowed,Allowed,2026-07-03,Based on general travel safety guidance and common airline baggage rules. Always confirm with Air Canada and your departure airport before travel.
baby-milk-ryanair,Baby milk on Ryanair,Baby travel,Allowed,Allowed,2026-07-03,Based on general travel safety guidance and common airline baggage rules. Always confirm with Ryanair and your departure airport before travel.
baby-milk-easyjet,Baby milk on easyJet,Baby travel,Allowed,Allowed,2026-07-03,Based on general travel safety guidance and common airline baggage rules. Always confirm with easyJet and your departure airport before travel.
baby-milk-british-airways,Baby milk on British Airways,Baby travel,Allowed,Allowed,2026-07-03,Based on general travel safety guidance and common airline baggage rules. Always confirm with British Airways and your departure airport before travel.
baby-milk-emirates,Baby milk on Emirates,Baby travel,Allowed,Allowed,2026-07-03,Based on general travel safety guidance and common airline baggage rules. Always confirm with Emirates and your departure airport before travel.
baby-milk-qatar-airways,Baby milk on Qatar Airways,Baby travel,Allowed,Allowed,2026-07-03,Based on general travel safety guidance and common airline baggage rules. Always confirm with Qatar Airways and your departure airport before travel.
baby-milk-virgin-atlantic,Baby milk on Virgin Atlantic,Baby travel,Allowed,Allowed,2026-07-03,Based on general travel safety guidance and common airline baggage rules. Always confirm with Virgin Atlantic and your departure airport before travel.
baby-milk-air-india,Baby milk on Air India,Baby travel,Allowed,Allowed,2026-07-03,Based on general travel safety guidance and common airline baggage rules. Always confirm with Air India and your departure airport before travel.
baby-milk-lufthansa,Baby milk on Lufthansa,Baby travel,Allowed,Allowed,2026-07-03,Based on general travel safety guidance and common airline baggage rules. Always confirm with Lufthansa and your departure airport before travel.
baby-milk-turkish-airlines,Baby milk on Turkish Airlines,Baby travel,Allowed,Allowed,2026-07-03,Based on general travel safety guidance and common airline baggage rules. Always confirm with Turkish Airlines and your departure airport before travel.
baby-milk-singapore-airlines,Baby milk on Singapore Airlines,Baby travel,Allowed,Allowed,2026-07-03,Based on general travel safety guidance and common airline baggage rules. Always confirm with Singapore Airlines and your departure airport before travel.
baby-milk-etihad-airways,Baby milk on Etihad Airways,Baby travel,Allowed,Allowed,2026-07-03,Based on general travel safety guidance and common airline baggage rules. Always confirm with Etihad Airways and your departure airport before travel.
baby-milk-klm,Baby milk on KLM,Baby travel,Allowed,Allowed,2026-07-03,Based on general travel safety guidance and common airline baggage rules. Always confirm with KLM and your departure airport before travel.
baby-milk-air-france,Baby milk on Air France,Baby travel,Allowed,Allowed,2026-07-03,Based on general travel safety guidance and common airline baggage rules. Always confirm with Air France and your departure airport before travel.
baby-milk-american-airlines,Baby milk on American Airlines,Baby travel,Allowed,Allowed,2026-07-03,Based on general travel safety guidance and common airline baggage rules. Always confirm with American Airlines and your departure airport before travel.
baby-milk-delta-air-lines,Baby milk on Delta Air Lines,Baby travel,Allowed,Allowed,2026-07-03,Based on general travel safety guidance and common airline baggage rules. Always confirm with Delta Air Lines and your departure airport before travel.
baby-milk-united-airlines,Baby milk on United Airlines,Baby travel,Allowed,Allowed,2026-07-03,Based on general travel safety guidance and common airline baggage rules. Always confirm with United Airlines and your departure airport before travel.
baby-milk-southwest-airlines,Baby milk on Southwest Airlines,Baby travel,Allowed,Allowed,2026-07-03,Based on general travel safety guidance and common airline baggage rules. Always confirm with Southwest Airlines and your departure airport before travel.
baby-milk-jetblue,Baby milk on JetBlue,Baby travel,Allowed,Allowed,2026-07-03,Based on general travel safety guidance and common airline baggage rules. Always confirm with JetBlue and your departure airport before travel.
baby-milk-wizz-air,Baby milk on Wizz Air,Baby travel,Allowed,Allowed,2026-07-03,Based on general travel safety guidance and common airline baggage rules. Always confirm with Wizz Air and your departure airport before travel.
baby-milk-tui-airways,Baby milk on TUI Airways,Baby travel,Allowed,Allowed,2026-07-03,Based on general travel safety guidance and common airline baggage rules. Always confirm with TUI Airways and your departure airport before travel.
baby-milk-aer-lingus,Baby milk on Aer Lingus,Baby travel,Allowed,Allowed,2026-07-03,Based on general travel safety guidance and common airline baggage rules. Always confirm with Aer Lingus and your departure airport before travel.
baby-milk-iberia,Baby milk on Iberia,Baby travel,Allowed,Allowed,2026-07-03,Based on general travel safety guidance and common airline baggage rules. Always confirm with Iberia and your departure airport before travel.
baby-milk-vueling,Baby milk on Vueling,Baby travel,Allowed,Allowed,2026-07-03,Based on general travel safety guidance and common airline baggage rules. Always confirm with Vueling and your departure airport before travel.
baby-milk-norwegian,Baby milk on Norwegian,Baby travel,Allowed,Allowed,2026-07-03,Based on general travel safety guidance and common airline baggage rules. Always confirm with Norwegian and your departure airport before travel.
baby-milk-finnair,Baby milk on Finnair,Baby travel,Allowed,Allowed,2026-07-03,Based on general travel safety guidance and common airline baggage rules. Always confirm with Finnair and your departure airport before travel.
baby-milk-thai-airways,Baby milk on Thai Airways,Baby travel,Allowed,Allowed,2026-07-03,Based on general travel safety guidance and common airline baggage rules. Always confirm with Thai Airways and your departure airport before travel.
baby-milk-japan-airlines,Baby milk on Japan Airlines,Baby travel,Allowed,Allowed,2026-07-03,Based on general travel safety guidance and common airline baggage rules. Always confirm with Japan Airlines and your departure airport before travel.
baby-milk-ana,Baby milk on ANA,Baby travel,Allowed,Allowed,2026-07-03,Based on general travel safety guidance and common airline baggage rules. Always confirm with ANA and your departure airport before travel.
baby-milk-cathay-pacific,Baby milk on Cathay Pacific,Baby travel,Allowed,Allowed,2026-07-03,Based on general travel safety guidance and common airline baggage rules. Always confirm with Cathay Pacific and your departure airport before travel.
baby-milk-air-canada,Baby milk on Air Canada,Baby travel,Allowed,Allowed,2026-07-03,Based on general travel safety guidance and common airline baggage rules. Always confirm with Air Canada and your departure airport before travel.
liquids-ryanair,Liquids on Ryanair,Liquids,Restricted,Allowed,2026-07-03,Based on general travel safety guidance and common airline baggage rules. Always confirm with Ryanair and your departure airport before travel.
liquids-easyjet,Liquids on easyJet,Liquids,Restricted,Allowed,2026-07-03,Based on general travel safety guidance and common airline baggage rules. Always confirm with easyJet and your departure airport before travel.
liquids-british-airways,Liquids on British Airways,Liquids,Restricted,Allowed,2026-07-03,Based on general travel safety guidance and common airline baggage rules. Always confirm with British Airways and your departure airport before travel.
liquids-emirates,Liquids on Emirates,Liquids,Restricted,Allowed,2026-07-03,Based on general travel safety guidance and common airline baggage rules. Always confirm with Emirates and your departure airport before travel.
liquids-qatar-airways,Liquids on Qatar Airways,Liquids,Restricted,Allowed,2026-07-03,Based on general travel safety guidance and common airline baggage rules. Always confirm with Qatar Airways and your departure airport before travel.
liquids-virgin-atlantic,Liquids on Virgin Atlantic,Liquids,Restricted,Allowed,2026-07-03,Based on general travel safety guidance and common airline baggage rules. Always confirm with Virgin Atlantic and your departure airport before travel.
liquids-air-india,Liquids on Air India,Liquids,Restricted,Allowed,2026-07-03,Based on general travel safety guidance and common airline baggage rules. Always confirm with Air India and your departure airport before travel.
liquids-lufthansa,Liquids on Lufthansa,Liquids,Restricted,Allowed,2026-07-03,Based on general travel safety guidance and common airline baggage rules. Always confirm with Lufthansa and your departure airport before travel.
liquids-turkish-airlines,Liquids on Turkish Airlines,Liquids,Restricted,Allowed,2026-07-03,Based on general travel safety guidance and common airline baggage rules. Always confirm with Turkish Airlines and your departure airport before travel.
liquids-singapore-airlines,Liquids on Singapore Airlines,Liquids,Restricted,Allowed,2026-07-03,Based on general travel safety guidance and common airline baggage rules. Always confirm with Singapore Airlines and your departure airport before travel.
liquids-etihad-airways,Liquids on Etihad Airways,Liquids,Restricted,Allowed,2026-07-03,Based on general travel safety guidance and common airline baggage rules. Always confirm with Etihad Airways and your departure airport before travel.
liquids-klm,Liquids on KLM,Liquids,Restricted,Allowed,2026-07-03,Based on general travel safety guidance and common airline baggage rules. Always confirm with KLM and your departure airport before travel.
liquids-air-france,Liquids on Air France,Liquids,Restricted,Allowed,2026-07-03,Based on general travel safety guidance and common airline baggage rules. Always confirm with Air France and your departure airport before travel.
liquids-american-airlines,Liquids on American Airlines,Liquids,Restricted,Allowed,2026-07-03,Based on general travel safety guidance and common airline baggage rules. Always confirm with American Airlines and your departure airport before travel.
liquids-delta-air-lines,Liquids on Delta Air Lines,Liquids,Restricted,Allowed,2026-07-03,Based on general travel safety guidance and common airline baggage rules. Always confirm with Delta Air Lines and your departure airport before travel.
liquids-united-airlines,Liquids on United Airlines,Liquids,Restricted,Allowed,2026-07-03,Based on general travel safety guidance and common airline baggage rules. Always confirm with United Airlines and your departure airport before travel.
liquids-southwest-airlines,Liquids on Southwest Airlines,Liquids,Restricted,Allowed,2026-07-03,Based on general travel safety guidance and common airline baggage rules. Always confirm with Southwest Airlines and your departure airport before travel.
liquids-jetblue,Liquids on JetBlue,Liquids,Restricted,Allowed,2026-07-03,Based on general travel safety guidance and common airline baggage rules. Always confirm with JetBlue and your departure airport before travel.
liquids-wizz-air,Liquids on Wizz Air,Liquids,Restricted,Allowed,2026-07-03,Based on general travel safety guidance and common airline baggage rules. Always confirm with Wizz Air and your departure airport before travel.
liquids-tui-airways,Liquids on TUI Airways,Liquids,Restricted,Allowed,2026-07-03,Based on general travel safety guidance and common airline baggage rules. Always confirm with TUI Airways and your departure airport before travel.
liquids-aer-lingus,Liquids on Aer Lingus,Liquids,Restricted,Allowed,2026-07-03,Based on general travel safety guidance and common airline baggage rules. Always confirm with Aer Lingus and your departure airport before travel.
liquids-iberia,Liquids on Iberia,Liquids,Restricted,Allowed,2026-07-03,Based on general travel safety guidance and common airline baggage rules. Always confirm with Iberia and your departure airport before travel.
liquids-vueling,Liquids on Vueling,Liquids,Restricted,Allowed,2026-07-03,Based on general travel safety guidance and common airline baggage rules. Always confirm with Vueling and your departure airport before travel.
liquids-norwegian,Liquids on Norwegian,Liquids,Restricted,Allowed,2026-07-03,Based on general travel safety guidance and common airline baggage rules. Always confirm with Norwegian and your departure airport before travel.
liquids-finnair,Liquids on Finnair,Liquids,Restricted,Allowed,2026-07-03,Based on general travel safety guidance and common airline baggage rules. Always confirm with Finnair and your departure airport before travel.
liquids-thai-airways,Liquids on Thai Airways,Liquids,Restricted,Allowed,2026-07-03,Based on general travel safety guidance and common airline baggage rules. Always confirm with Thai Airways and your departure airport before travel.
liquids-japan-airlines,Liquids on Japan Airlines,Liquids,Restricted,Allowed,2026-07-03,Based on general travel safety guidance and common airline baggage rules. Always confirm with Japan Airlines and your departure airport before travel.
liquids-ana,Liquids on ANA,Liquids,Restricted,Allowed,2026-07-03,Based on general travel safety guidance and common airline baggage rules. Always confirm with ANA and your departure airport before travel.
liquids-cathay-pacific,Liquids on Cathay Pacific,Liquids,Restricted,Allowed,2026-07-03,Based on general travel safety guidance and common airline baggage rules. Always confirm with Cathay Pacific and your departure airport before travel.
liquids-air-canada,Liquids on Air Canada,Liquids,Restricted,Allowed,2026-07-03,Based on general travel safety guidance and common airline baggage rules. Always confirm with Air Canada and your departure airport before travel.
perfume-ryanair,Perfume on Ryanair,Cosmetics,Restricted,Allowed,2026-07-03,Based on general travel safety guidance and common airline baggage rules. Always confirm with Ryanair and your departure airport before travel.
perfume-easyjet,Perfume on easyJet,Cosmetics,Restricted,Allowed,2026-07-03,Based on general travel safety guidance and common airline baggage rules. Always confirm with easyJet and your departure airport before travel.
perfume-british-airways,Perfume on British Airways,Cosmetics,Restricted,Allowed,2026-07-03,Based on general travel safety guidance and common airline baggage rules. Always confirm with British Airways and your departure airport before travel.
perfume-emirates,Perfume on Emirates,Cosmetics,Restricted,Allowed,2026-07-03,Based on general travel safety guidance and common airline baggage rules. Always confirm with Emirates and your departure airport before travel.
perfume-qatar-airways,Perfume on Qatar Airways,Cosmetics,Restricted,Allowed,2026-07-03,Based on general travel safety guidance and common airline baggage rules. Always confirm with Qatar Airways and your departure airport before travel.
perfume-virgin-atlantic,Perfume on Virgin Atlantic,Cosmetics,Restricted,Allowed,2026-07-03,Based on general travel safety guidance and common airline baggage rules. Always confirm with Virgin Atlantic and your departure airport before travel.
perfume-air-india,Perfume on Air India,Cosmetics,Restricted,Allowed,2026-07-03,Based on general travel safety guidance and common airline baggage rules. Always confirm with Air India and your departure airport before travel.
perfume-lufthansa,Perfume on Lufthansa,Cosmetics,Restricted,Allowed,2026-07-03,Based on general travel safety guidance and common airline baggage rules. Always confirm with Lufthansa and your departure airport before travel.
perfume-turkish-airlines,Perfume on Turkish Airlines,Cosmetics,Restricted,Allowed,2026-07-03,Based on general travel safety guidance and common airline baggage rules. Always confirm with Turkish Airlines and your departure airport before travel.
perfume-singapore-airlines,Perfume on Singapore Airlines,Cosmetics,Restricted,Allowed,2026-07-03,Based on general travel safety guidance and common airline baggage rules. Always confirm with Singapore Airlines and your departure airport before travel.
perfume-etihad-airways,Perfume on Etihad Airways,Cosmetics,Restricted,Allowed,2026-07-03,Based on general travel safety guidance and common airline baggage rules. Always confirm with Etihad Airways and your departure airport before travel.
perfume-klm,Perfume on KLM,Cosmetics,Restricted,Allowed,2026-07-03,Based on general travel safety guidance and common airline baggage rules. Always confirm with KLM and your departure airport before travel.
perfume-air-france,Perfume on Air France,Cosmetics,Restricted,Allowed,2026-07-03,Based on general travel safety guidance and common airline baggage rules. Always confirm with Air France and your departure airport before travel.
perfume-american-airlines,Perfume on American Airlines,Cosmetics,Restricted,Allowed,2026-07-03,Based on general travel safety guidance and common airline baggage rules. Always confirm with American Airlines and your departure airport before travel.
perfume-delta-air-lines,Perfume on Delta Air Lines,Cosmetics,Restricted,Allowed,2026-07-03,Based on general travel safety guidance and common airline baggage rules. Always confirm with Delta Air Lines and your departure airport before travel.
perfume-united-airlines,Perfume on United Airlines,Cosmetics,Restricted,Allowed,2026-07-03,Based on general travel safety guidance and common airline baggage rules. Always confirm with United Airlines and your departure airport before travel.
perfume-southwest-airlines,Perfume on Southwest Airlines,Cosmetics,Restricted,Allowed,2026-07-03,Based on general travel safety guidance and common airline baggage rules. Always confirm with Southwest Airlines and your departure airport before travel.
perfume-jetblue,Perfume on JetBlue,Cosmetics,Restricted,Allowed,2026-07-03,Based on general travel safety guidance and common airline baggage rules. Always confirm with JetBlue and your departure airport before travel.
perfume-wizz-air,Perfume on Wizz Air,Cosmetics,Restricted,Allowed,2026-07-03,Based on general travel safety guidance and common airline baggage rules. Always confirm with Wizz Air and your departure airport before travel.
perfume-tui-airways,Perfume on TUI Airways,Cosmetics,Restricted,Allowed,2026-07-03,Based on general travel safety guidance and common airline baggage rules. Always confirm with TUI Airways and your departure airport before travel.
perfume-aer-lingus,Perfume on Aer Lingus,Cosmetics,Restricted,Allowed,2026-07-03,Based on general travel safety guidance and common airline baggage rules. Always confirm with Aer Lingus and your departure airport before travel.
perfume-iberia,Perfume on Iberia,Cosmetics,Restricted,Allowed,2026-07-03,Based on general travel safety guidance and common airline baggage rules. Always confirm with Iberia and your departure airport before travel.
perfume-vueling,Perfume on Vueling,Cosmetics,Restricted,Allowed,2026-07-03,Based on general travel safety guidance and common airline baggage rules. Always confirm with Vueling and your departure airport before travel.
perfume-norwegian,Perfume on Norwegian,Cosmetics,Restricted,Allowed,2026-07-03,Based on general travel safety guidance and common airline baggage rules. Always confirm with Norwegian and your departure airport before travel.
perfume-finnair,Perfume on Finnair,Cosmetics,Restricted,Allowed,2026-07-03,Based on general travel safety guidance and common airline baggage rules. Always confirm with Finnair and your departure airport before travel.
perfume-thai-airways,Perfume on Thai Airways,Cosmetics,Restricted,Allowed,2026-07-03,Based on general travel safety guidance and common airline baggage rules. Always confirm with Thai Airways and your departure airport before travel.
perfume-japan-airlines,Perfume on Japan Airlines,Cosmetics,Restricted,Allowed,2026-07-03,Based on general travel safety guidance and common airline baggage rules. Always confirm with Japan Airlines and your departure airport before travel.
perfume-ana,Perfume on ANA,Cosmetics,Restricted,Allowed,2026-07-03,Based on general travel safety guidance and common airline baggage rules. Always confirm with ANA and your departure airport before travel.
perfume-cathay-pacific,Perfume on Cathay Pacific,Cosmetics,Restricted,Allowed,2026-07-03,Based on general travel safety guidance and common airline baggage rules. Always confirm with Cathay Pacific and your departure airport before travel.
perfume-air-canada,Perfume on Air Canada,Cosmetics,Restricted,Allowed,2026-07-03,Based on general travel safety guidance and common airline baggage rules. Always confirm with Air Canada and your departure airport before travel.
laptop-ryanair,Laptop on Ryanair,Electronics,Allowed,Allowed,2026-07-03,Based on general travel safety guidance and common airline baggage rules. Always confirm with Ryanair and your departure airport before travel.
laptop-easyjet,Laptop on easyJet,Electronics,Allowed,Allowed,2026-07-03,Based on general travel safety guidance and common airline baggage rules. Always confirm with easyJet and your departure airport before travel.
laptop-british-airways,Laptop on British Airways,Electronics,Allowed,Allowed,2026-07-03,Based on general travel safety guidance and common airline baggage rules. Always confirm with British Airways and your departure airport before travel.
laptop-emirates,Laptop on Emirates,Electronics,Allowed,Allowed,2026-07-03,Based on general travel safety guidance and common airline baggage rules. Always confirm with Emirates and your departure airport before travel.
laptop-qatar-airways,Laptop on Qatar Airways,Electronics,Allowed,Allowed,2026-07-03,Based on general travel safety guidance and common airline baggage rules. Always confirm with Qatar Airways and your departure airport before travel.
laptop-virgin-atlantic,Laptop on Virgin Atlantic,Electronics,Allowed,Allowed,2026-07-03,Based on general travel safety guidance and common airline baggage rules. Always confirm with Virgin Atlantic and your departure airport before travel.
laptop-air-india,Laptop on Air India,Electronics,Allowed,Allowed,2026-07-03,Based on general travel safety guidance and common airline baggage rules. Always confirm with Air India and your departure airport before travel.
laptop-lufthansa,Laptop on Lufthansa,Electronics,Allowed,Allowed,2026-07-03,Based on general travel safety guidance and common airline baggage rules. Always confirm with Lufthansa and your departure airport before travel.
laptop-turkish-airlines,Laptop on Turkish Airlines,Electronics,Allowed,Allowed,2026-07-03,Based on general travel safety guidance and common airline baggage rules. Always confirm with Turkish Airlines and your departure airport before travel.
laptop-singapore-airlines,Laptop on Singapore Airlines,Electronics,Allowed,Allowed,2026-07-03,Based on general travel safety guidance and common airline baggage rules. Always confirm with Singapore Airlines and your departure airport before travel.
laptop-etihad-airways,Laptop on Etihad Airways,Electronics,Allowed,Allowed,2026-07-03,Based on general travel safety guidance and common airline baggage rules. Always confirm with Etihad Airways and your departure airport before travel.
laptop-klm,Laptop on KLM,Electronics,Allowed,Allowed,2026-07-03,Based on general travel safety guidance and common airline baggage rules. Always confirm with KLM and your departure airport before travel.
laptop-air-france,Laptop on Air France,Electronics,Allowed,Allowed,2026-07-03,Based on general travel safety guidance and common airline baggage rules. Always confirm with Air France and your departure airport before travel.
laptop-american-airlines,Laptop on American Airlines,Electronics,Allowed,Allowed,2026-07-03,Based on general travel safety guidance and common airline baggage rules. Always confirm with American Airlines and your departure airport before travel.
laptop-delta-air-lines,Laptop on Delta Air Lines,Electronics,Allowed,Allowed,2026-07-03,Based on general travel safety guidance and common airline baggage rules. Always confirm with Delta Air Lines and your departure airport before travel.
laptop-united-airlines,Laptop on United Airlines,Electronics,Allowed,Allowed,2026-07-03,Based on general travel safety guidance and common airline baggage rules. Always confirm with United Airlines and your departure airport before travel.
laptop-southwest-airlines,Laptop on Southwest Airlines,Electronics,Allowed,Allowed,2026-07-03,Based on general travel safety guidance and common airline baggage rules. Always confirm with Southwest Airlines and your departure airport before travel.
laptop-jetblue,Laptop on JetBlue,Electronics,Allowed,Allowed,2026-07-03,Based on general travel safety guidance and common airline baggage rules. Always confirm with JetBlue and your departure airport before travel.
laptop-wizz-air,Laptop on Wizz Air,Electronics,Allowed,Allowed,2026-07-03,Based on general travel safety guidance and common airline baggage rules. Always confirm with Wizz Air and your departure airport before travel.
laptop-tui-airways,Laptop on TUI Airways,Electronics,Allowed,Allowed,2026-07-03,Based on general travel safety guidance and common airline baggage rules. Always confirm with TUI Airways and your departure airport before travel.
laptop-aer-lingus,Laptop on Aer Lingus,Electronics,Allowed,Allowed,2026-07-03,Based on general travel safety guidance and common airline baggage rules. Always confirm with Aer Lingus and your departure airport before travel.
laptop-iberia,Laptop on Iberia,Electronics,Allowed,Allowed,2026-07-03,Based on general travel safety guidance and common airline baggage rules. Always confirm with Iberia and your departure airport before travel.
laptop-vueling,Laptop on Vueling,Electronics,Allowed,Allowed,2026-07-03,Based on general travel safety guidance and common airline baggage rules. Always confirm with Vueling and your departure airport before travel.
laptop-norwegian,Laptop on Norwegian,Electronics,Allowed,Allowed,2026-07-03,Based on general travel safety guidance and common airline baggage rules. Always confirm with Norwegian and your departure airport before travel.
laptop-finnair,Laptop on Finnair,Electronics,Allowed,Allowed,2026-07-03,Based on general travel safety guidance and common airline baggage rules. Always confirm with Finnair and your departure airport before travel.
laptop-thai-airways,Laptop on Thai Airways,Electronics,Allowed,Allowed,2026-07-03,Based on general travel safety guidance and common airline baggage rules. Always confirm with Thai Airways and your departure airport before travel.
laptop-japan-airlines,Laptop on Japan Airlines,Electronics,Allowed,Allowed,2026-07-03,Based on general travel safety guidance and common airline baggage rules. Always confirm with Japan Airlines and your departure airport before travel.
laptop-ana,Laptop on ANA,Electronics,Allowed,Allowed,2026-07-03,Based on general travel safety guidance and common airline baggage rules. Always confirm with ANA and your departure airport before travel.
laptop-cathay-pacific,Laptop on Cathay Pacific,Electronics,Allowed,Allowed,2026-07-03,Based on general travel safety guidance and common airline baggage rules. Always confirm with Cathay Pacific and your departure airport before travel.
laptop-air-canada,Laptop on Air Canada,Electronics,Allowed,Allowed,2026-07-03,Based on general travel safety guidance and common airline baggage rules. Always confirm with Air Canada and your departure airport before travel.
cpap-machine-ryanair,CPAP machine on Ryanair,Medication,Allowed,Allowed,2026-07-03,Based on general travel safety guidance and common airline baggage rules. Always confirm with Ryanair and your departure airport before travel.
cpap-machine-easyjet,CPAP machine on easyJet,Medication,Allowed,Allowed,2026-07-03,Based on general travel safety guidance and common airline baggage rules. Always confirm with easyJet and your departure airport before travel.
cpap-machine-british-airways,CPAP machine on British Airways,Medication,Allowed,Allowed,2026-07-03,Based on general travel safety guidance and common airline baggage rules. Always confirm with British Airways and your departure airport before travel.
cpap-machine-emirates,CPAP machine on Emirates,Medication,Allowed,Allowed,2026-07-03,Based on general travel safety guidance and common airline baggage rules. Always confirm with Emirates and your departure airport before travel.
cpap-machine-qatar-airways,CPAP machine on Qatar Airways,Medication,Allowed,Allowed,2026-07-03,Based on general travel safety guidance and common airline baggage rules. Always confirm with Qatar Airways and your departure airport before travel.
cpap-machine-virgin-atlantic,CPAP machine on Virgin Atlantic,Medication,Allowed,Allowed,2026-07-03,Based on general travel safety guidance and common airline baggage rules. Always confirm with Virgin Atlantic and your departure airport before travel.
cpap-machine-air-india,CPAP machine on Air India,Medication,Allowed,Allowed,2026-07-03,Based on general travel safety guidance and common airline baggage rules. Always confirm with Air India and your departure airport before travel.
cpap-machine-lufthansa,CPAP machine on Lufthansa,Medication,Allowed,Allowed,2026-07-03,Based on general travel safety guidance and common airline baggage rules. Always confirm with Lufthansa and your departure airport before travel.
cpap-machine-turkish-airlines,CPAP machine on Turkish Airlines,Medication,Allowed,Allowed,2026-07-03,Based on general travel safety guidance and common airline baggage rules. Always confirm with Turkish Airlines and your departure airport before travel.
cpap-machine-singapore-airlines,CPAP machine on Singapore Airlines,Medication,Allowed,Allowed,2026-07-03,Based on general travel safety guidance and common airline baggage rules. Always confirm with Singapore Airlines and your departure airport before travel.
cpap-machine-etihad-airways,CPAP machine on Etihad Airways,Medication,Allowed,Allowed,2026-07-03,Based on general travel safety guidance and common airline baggage rules. Always confirm with Etihad Airways and your departure airport before travel.
cpap-machine-klm,CPAP machine on KLM,Medication,Allowed,Allowed,2026-07-03,Based on general travel safety guidance and common airline baggage rules. Always confirm with KLM and your departure airport before travel.
cpap-machine-air-france,CPAP machine on Air France,Medication,Allowed,Allowed,2026-07-03,Based on general travel safety guidance and common airline baggage rules. Always confirm with Air France and your departure airport before travel.
cpap-machine-american-airlines,CPAP machine on American Airlines,Medication,Allowed,Allowed,2026-07-03,Based on general travel safety guidance and common airline baggage rules. Always confirm with American Airlines and your departure airport before travel.
cpap-machine-delta-air-lines,CPAP machine on Delta Air Lines,Medication,Allowed,Allowed,2026-07-03,Based on general travel safety guidance and common airline baggage rules. Always confirm with Delta Air Lines and your departure airport before travel.
cpap-machine-united-airlines,CPAP machine on United Airlines,Medication,Allowed,Allowed,2026-07-03,Based on general travel safety guidance and common airline baggage rules. Always confirm with United Airlines and your departure airport before travel.
cpap-machine-southwest-airlines,CPAP machine on Southwest Airlines,Medication,Allowed,Allowed,2026-07-03,Based on general travel safety guidance and common airline baggage rules. Always confirm with Southwest Airlines and your departure airport before travel.
cpap-machine-jetblue,CPAP machine on JetBlue,Medication,Allowed,Allowed,2026-07-03,Based on general travel safety guidance and common airline baggage rules. Always confirm with JetBlue and your departure airport before travel.
cpap-machine-wizz-air,CPAP machine on Wizz Air,Medication,Allowed,Allowed,2026-07-03,Based on general travel safety guidance and common airline baggage rules. Always confirm with Wizz Air and your departure airport before travel.
cpap-machine-tui-airways,CPAP machine on TUI Airways,Medication,Allowed,Allowed,2026-07-03,Based on general travel safety guidance and common airline baggage rules. Always confirm with TUI Airways and your departure airport before travel.
cpap-machine-aer-lingus,CPAP machine on Aer Lingus,Medication,Allowed,Allowed,2026-07-03,Based on general travel safety guidance and common airline baggage rules. Always confirm with Aer Lingus and your departure airport before travel.
cpap-machine-iberia,CPAP machine on Iberia,Medication,Allowed,Allowed,2026-07-03,Based on general travel safety guidance and common airline baggage rules. Always confirm with Iberia and your departure airport before travel.
cpap-machine-vueling,CPAP machine on Vueling,Medication,Allowed,Allowed,2026-07-03,Based on general travel safety guidance and common airline baggage rules. Always confirm with Vueling and your departure airport before travel.
cpap-machine-norwegian,CPAP machine on Norwegian,Medication,Allowed,Allowed,2026-07-03,Based on general travel safety guidance and common airline baggage rules. Always confirm with Norwegian and your departure airport before travel.
cpap-machine-finnair,CPAP machine on Finnair,Medication,Allowed,Allowed,2026-07-03,Based on general travel safety guidance and common airline baggage rules. Always confirm with Finnair and your departure airport before travel.
cpap-machine-thai-airways,CPAP machine on Thai Airways,Medication,Allowed,Allowed,2026-07-03,Based on general travel safety guidance and common airline baggage rules. Always confirm with Thai Airways and your departure airport before travel.
cpap-machine-japan-airlines,CPAP machine on Japan Airlines,Medication,Allowed,Allowed,2026-07-03,Based on general travel safety guidance and common airline baggage rules. Always confirm with Japan Airlines and your departure airport before travel.
cpap-machine-ana,CPAP machine on ANA,Medication,Allowed,Allowed,2026-07-03,Based on general travel safety guidance and common airline baggage rules. Always confirm with ANA and your departure airport before travel.
cpap-machine-cathay-pacific,CPAP machine on Cathay Pacific,Medication,Allowed,Allowed,2026-07-03,Based on general travel safety guidance and common airline baggage rules. Always confirm with Cathay Pacific and your departure airport before travel.
cpap-machine-air-canada,CPAP machine on Air Canada,Medication,Allowed,Allowed,2026-07-03,Based on general travel safety guidance and common airline baggage rules. Always confirm with Air Canada and your departure airport before travel.
drone-ryanair,Drone on Ryanair,Electronics,Restricted,Restricted,2026-07-03,Based on general travel safety guidance and common airline baggage rules. Always confirm with Ryanair and your departure airport before travel.
drone-easyjet,Drone on easyJet,Electronics,Restricted,Restricted,2026-07-03,Based on general travel safety guidance and common airline baggage rules. Always confirm with easyJet and your departure airport before travel.
drone-british-airways,Drone on British Airways,Electronics,Restricted,Restricted,2026-07-03,Based on general travel safety guidance and common airline baggage rules. Always confirm with British Airways and your departure airport before travel.
drone-emirates,Drone on Emirates,Electronics,Restricted,Restricted,2026-07-03,Based on general travel safety guidance and common airline baggage rules. Always confirm with Emirates and your departure airport before travel.
drone-qatar-airways,Drone on Qatar Airways,Electronics,Restricted,Restricted,2026-07-03,Based on general travel safety guidance and common airline baggage rules. Always confirm with Qatar Airways and your departure airport before travel.
drone-virgin-atlantic,Drone on Virgin Atlantic,Electronics,Restricted,Restricted,2026-07-03,Based on general travel safety guidance and common airline baggage rules. Always confirm with Virgin Atlantic and your departure airport before travel.
drone-air-india,Drone on Air India,Electronics,Restricted,Restricted,2026-07-03,Based on general travel safety guidance and common airline baggage rules. Always confirm with Air India and your departure airport before travel.
drone-lufthansa,Drone on Lufthansa,Electronics,Restricted,Restricted,2026-07-03,Based on general travel safety guidance and common airline baggage rules. Always confirm with Lufthansa and your departure airport before travel.
drone-turkish-airlines,Drone on Turkish Airlines,Electronics,Restricted,Restricted,2026-07-03,Based on general travel safety guidance and common airline baggage rules. Always confirm with Turkish Airlines and your departure airport before travel.
drone-singapore-airlines,Drone on Singapore Airlines,Electronics,Restricted,Restricted,2026-07-03,Based on general travel safety guidance and common airline baggage rules. Always confirm with Singapore Airlines and your departure airport before travel.
drone-etihad-airways,Drone on Etihad Airways,Electronics,Restricted,Restricted,2026-07-03,Based on general travel safety guidance and common airline baggage rules. Always confirm with Etihad Airways and your departure airport before travel.
drone-klm,Drone on KLM,Electronics,Restricted,Restricted,2026-07-03,Based on general travel safety guidance and common airline baggage rules. Always confirm with KLM and your departure airport before travel.
drone-air-france,Drone on Air France,Electronics,Restricted,Restricted,2026-07-03,Based on general travel safety guidance and common airline baggage rules. Always confirm with Air France and your departure airport before travel.
drone-american-airlines,Drone on American Airlines,Electronics,Restricted,Restricted,2026-07-03,Based on general travel safety guidance and common airline baggage rules. Always confirm with American Airlines and your departure airport before travel.
drone-delta-air-lines,Drone on Delta Air Lines,Electronics,Restricted,Restricted,2026-07-03,Based on general travel safety guidance and common airline baggage rules. Always confirm with Delta Air Lines and your departure airport before travel.
drone-united-airlines,Drone on United Airlines,Electronics,Restricted,Restricted,2026-07-03,Based on general travel safety guidance and common airline baggage rules. Always confirm with United Airlines and your departure airport before travel.
drone-southwest-airlines,Drone on Southwest Airlines,Electronics,Restricted,Restricted,2026-07-03,Based on general travel safety guidance and common airline baggage rules. Always confirm with Southwest Airlines and your departure airport before travel.
drone-jetblue,Drone on JetBlue,Electronics,Restricted,Restricted,2026-07-03,Based on general travel safety guidance and common airline baggage rules. Always confirm with JetBlue and your departure airport before travel.
drone-wizz-air,Drone on Wizz Air,Electronics,Restricted,Restricted,2026-07-03,Based on general travel safety guidance and common airline baggage rules. Always confirm with Wizz Air and your departure airport before travel.
drone-tui-airways,Drone on TUI Airways,Electronics,Restricted,Restricted,2026-07-03,Based on general travel safety guidance and common airline baggage rules. Always confirm with TUI Airways and your departure airport before travel.
drone-aer-lingus,Drone on Aer Lingus,Electronics,Restricted,Restricted,2026-07-03,Based on general travel safety guidance and common airline baggage rules. Always confirm with Aer Lingus and your departure airport before travel.
drone-iberia,Drone on Iberia,Electronics,Restricted,Restricted,2026-07-03,Based on general travel safety guidance and common airline baggage rules. Always confirm with Iberia and your departure airport before travel.
drone-vueling,Drone on Vueling,Electronics,Restricted,Restricted,2026-07-03,Based on general travel safety guidance and common airline baggage rules. Always confirm with Vueling and your departure airport before travel.
drone-norwegian,Drone on Norwegian,Electronics,Restricted,Restricted,2026-07-03,Based on general travel safety guidance and common airline baggage rules. Always confirm with Norwegian and your departure airport before travel.
drone-finnair,Drone on Finnair,Electronics,Restricted,Restricted,2026-07-03,Based on general travel safety guidance and common airline baggage rules. Always confirm with Finnair and your departure airport before travel.
drone-thai-airways,Drone on Thai Airways,Electronics,Restricted,Restricted,2026-07-03,Based on general travel safety guidance and common airline baggage rules. Always confirm with Thai Airways and your departure airport before travel.
drone-japan-airlines,Drone on Japan Airlines,Electronics,Restricted,Restricted,2026-07-03,Based on general travel safety guidance and common airline baggage rules. Always confirm with Japan Airlines and your departure airport before travel.
drone-ana,Drone on ANA,Electronics,Restricted,Restricted,2026-07-03,Based on general travel safety guidance and common airline baggage rules. Always confirm with ANA and your departure airport before travel.
drone-cathay-pacific,Drone on Cathay Pacific,Electronics,Restricted,Restricted,2026-07-03,Based on general travel safety guidance and common airline baggage rules. Always confirm with Cathay Pacific and your departure airport before travel.
drone-air-canada,Drone on Air Canada,Electronics,Restricted,Restricted,2026-07-03,Based on general travel safety guidance and common airline baggage rules. Always confirm with Air Canada and your departure airport before travel.
camera-batteries-ryanair,Camera batteries on Ryanair,Batteries,Allowed,Restricted,2026-07-03,Based on general travel safety guidance and common airline baggage rules. Always confirm with Ryanair and your departure airport before travel.
camera-batteries-easyjet,Camera batteries on easyJet,Batteries,Allowed,Restricted,2026-07-03,Based on general travel safety guidance and common airline baggage rules. Always confirm with easyJet and your departure airport before travel.
camera-batteries-british-airways,Camera batteries on British Airways,Batteries,Allowed,Restricted,2026-07-03,Based on general travel safety guidance and common airline baggage rules. Always confirm with British Airways and your departure airport before travel.
camera-batteries-emirates,Camera batteries on Emirates,Batteries,Allowed,Restricted,2026-07-03,Based on general travel safety guidance and common airline baggage rules. Always confirm with Emirates and your departure airport before travel.
camera-batteries-qatar-airways,Camera batteries on Qatar Airways,Batteries,Allowed,Restricted,2026-07-03,Based on general travel safety guidance and common airline baggage rules. Always confirm with Qatar Airways and your departure airport before travel.
camera-batteries-virgin-atlantic,Camera batteries on Virgin Atlantic,Batteries,Allowed,Restricted,2026-07-03,Based on general travel safety guidance and common airline baggage rules. Always confirm with Virgin Atlantic and your departure airport before travel.
camera-batteries-air-india,Camera batteries on Air India,Batteries,Allowed,Restricted,2026-07-03,Based on general travel safety guidance and common airline baggage rules. Always confirm with Air India and your departure airport before travel.
camera-batteries-lufthansa,Camera batteries on Lufthansa,Batteries,Allowed,Restricted,2026-07-03,Based on general travel safety guidance and common airline baggage rules. Always confirm with Lufthansa and your departure airport before travel.
camera-batteries-turkish-airlines,Camera batteries on Turkish Airlines,Batteries,Allowed,Restricted,2026-07-03,Based on general travel safety guidance and common airline baggage rules. Always confirm with Turkish Airlines and your departure airport before travel.
camera-batteries-singapore-airlines,Camera batteries on Singapore Airlines,Batteries,Allowed,Restricted,2026-07-03,Based on general travel safety guidance and common airline baggage rules. Always confirm with Singapore Airlines and your departure airport before travel.
camera-batteries-etihad-airways,Camera batteries on Etihad Airways,Batteries,Allowed,Restricted,2026-07-03,Based on general travel safety guidance and common airline baggage rules. Always confirm with Etihad Airways and your departure airport before travel.
camera-batteries-klm,Camera batteries on KLM,Batteries,Allowed,Restricted,2026-07-03,Based on general travel safety guidance and common airline baggage rules. Always confirm with KLM and your departure airport before travel.
camera-batteries-air-france,Camera batteries on Air France,Batteries,Allowed,Restricted,2026-07-03,Based on general travel safety guidance and common airline baggage rules. Always confirm with Air France and your departure airport before travel.
camera-batteries-american-airlines,Camera batteries on American Airlines,Batteries,Allowed,Restricted,2026-07-03,Based on general travel safety guidance and common airline baggage rules. Always confirm with American Airlines and your departure airport before travel.
camera-batteries-delta-air-lines,Camera batteries on Delta Air Lines,Batteries,Allowed,Restricted,2026-07-03,Based on general travel safety guidance and common airline baggage rules. Always confirm with Delta Air Lines and your departure airport before travel.
camera-batteries-united-airlines,Camera batteries on United Airlines,Batteries,Allowed,Restricted,2026-07-03,Based on general travel safety guidance and common airline baggage rules. Always confirm with United Airlines and your departure airport before travel.
camera-batteries-southwest-airlines,Camera batteries on Southwest Airlines,Batteries,Allowed,Restricted,2026-07-03,Based on general travel safety guidance and common airline baggage rules. Always confirm with Southwest Airlines and your departure airport before travel.
camera-batteries-jetblue,Camera batteries on JetBlue,Batteries,Allowed,Restricted,2026-07-03,Based on general travel safety guidance and common airline baggage rules. Always confirm with JetBlue and your departure airport before travel.
camera-batteries-wizz-air,Camera batteries on Wizz Air,Batteries,Allowed,Restricted,2026-07-03,Based on general travel safety guidance and common airline baggage rules. Always confirm with Wizz Air and your departure airport before travel.
camera-batteries-tui-airways,Camera batteries on TUI Airways,Batteries,Allowed,Restricted,2026-07-03,Based on general travel safety guidance and common airline baggage rules. Always confirm with TUI Airways and your departure airport before travel.
camera-batteries-aer-lingus,Camera batteries on Aer Lingus,Batteries,Allowed,Restricted,2026-07-03,Based on general travel safety guidance and common airline baggage rules. Always confirm with Aer Lingus and your departure airport before travel.
camera-batteries-iberia,Camera batteries on Iberia,Batteries,Allowed,Restricted,2026-07-03,Based on general travel safety guidance and common airline baggage rules. Always confirm with Iberia and your departure airport before travel.
camera-batteries-vueling,Camera batteries on Vueling,Batteries,Allowed,Restricted,2026-07-03,Based on general travel safety guidance and common airline baggage rules. Always confirm with Vueling and your departure airport before travel.
camera-batteries-norwegian,Camera batteries on Norwegian,Batteries,Allowed,Restricted,2026-07-03,Based on general travel safety guidance and common airline baggage rules. Always confirm with Norwegian and your departure airport before travel.
camera-batteries-finnair,Camera batteries on Finnair,Batteries,Allowed,Restricted,2026-07-03,Based on general travel safety guidance and common airline baggage rules. Always confirm with Finnair and your departure airport before travel.
camera-batteries-thai-airways,Camera batteries on Thai Airways,Batteries,Allowed,Restricted,2026-07-03,Based on general travel safety guidance and common airline baggage rules. Always confirm with Thai Airways and your departure airport before travel.
camera-batteries-japan-airlines,Camera batteries on Japan Airlines,Batteries,Allowed,Restricted,2026-07-03,Based on general travel safety guidance and common airline baggage rules. Always confirm with Japan Airlines and your departure airport before travel.
camera-batteries-ana,Camera batteries on ANA,Batteries,Allowed,Restricted,2026-07-03,Based on general travel safety guidance and common airline baggage rules. Always confirm with ANA and your departure airport before travel.
camera-batteries-cathay-pacific,Camera batteries on Cathay Pacific,Batteries,Allowed,Restricted,2026-07-03,Based on general travel safety guidance and common airline baggage rules. Always confirm with Cathay Pacific and your departure airport before travel.
camera-batteries-air-canada,Camera batteries on Air Canada,Batteries,Allowed,Restricted,2026-07-03,Based on general travel safety guidance and common airline baggage rules. Always confirm with Air Canada and your departure airport before travel.
razor-ryanair,Razor on Ryanair,Cosmetics,Restricted,Allowed,2026-07-03,Based on general travel safety guidance and common airline baggage rules. Always confirm with Ryanair and your departure airport before travel.
razor-easyjet,Razor on easyJet,Cosmetics,Restricted,Allowed,2026-07-03,Based on general travel safety guidance and common airline baggage rules. Always confirm with easyJet and your departure airport before travel.
razor-british-airways,Razor on British Airways,Cosmetics,Restricted,Allowed,2026-07-03,Based on general travel safety guidance and common airline baggage rules. Always confirm with British Airways and your departure airport before travel.
razor-emirates,Razor on Emirates,Cosmetics,Restricted,Allowed,2026-07-03,Based on general travel safety guidance and common airline baggage rules. Always confirm with Emirates and your departure airport before travel.
razor-qatar-airways,Razor on Qatar Airways,Cosmetics,Restricted,Allowed,2026-07-03,Based on general travel safety guidance and common airline baggage rules. Always confirm with Qatar Airways and your departure airport before travel.
razor-virgin-atlantic,Razor on Virgin Atlantic,Cosmetics,Restricted,Allowed,2026-07-03,Based on general travel safety guidance and common airline baggage rules. Always confirm with Virgin Atlantic and your departure airport before travel.
razor-air-india,Razor on Air India,Cosmetics,Restricted,Allowed,2026-07-03,Based on general travel safety guidance and common airline baggage rules. Always confirm with Air India and your departure airport before travel.
razor-lufthansa,Razor on Lufthansa,Cosmetics,Restricted,Allowed,2026-07-03,Based on general travel safety guidance and common airline baggage rules. Always confirm with Lufthansa and your departure airport before travel.
razor-turkish-airlines,Razor on Turkish Airlines,Cosmetics,Restricted,Allowed,2026-07-03,Based on general travel safety guidance and common airline baggage rules. Always confirm with Turkish Airlines and your departure airport before travel.
razor-singapore-airlines,Razor on Singapore Airlines,Cosmetics,Restricted,Allowed,2026-07-03,Based on general travel safety guidance and common airline baggage rules. Always confirm with Singapore Airlines and your departure airport before travel.
razor-etihad-airways,Razor on Etihad Airways,Cosmetics,Restricted,Allowed,2026-07-03,Based on general travel safety guidance and common airline baggage rules. Always confirm with Etihad Airways and your departure airport before travel.
razor-klm,Razor on KLM,Cosmetics,Restricted,Allowed,2026-07-03,Based on general travel safety guidance and common airline baggage rules. Always confirm with KLM and your departure airport before travel.
razor-air-france,Razor on Air France,Cosmetics,Restricted,Allowed,2026-07-03,Based on general travel safety guidance and common airline baggage rules. Always confirm with Air France and your departure airport before travel.
razor-american-airlines,Razor on American Airlines,Cosmetics,Restricted,Allowed,2026-07-03,Based on general travel safety guidance and common airline baggage rules. Always confirm with American Airlines and your departure airport before travel.
razor-delta-air-lines,Razor on Delta Air Lines,Cosmetics,Restricted,Allowed,2026-07-03,Based on general travel safety guidance and common airline baggage rules. Always confirm with Delta Air Lines and your departure airport before travel.
razor-united-airlines,Razor on United Airlines,Cosmetics,Restricted,Allowed,2026-07-03,Based on general travel safety guidance and common airline baggage rules. Always confirm with United Airlines and your departure airport before travel.
razor-southwest-airlines,Razor on Southwest Airlines,Cosmetics,Restricted,Allowed,2026-07-03,Based on general travel safety guidance and common airline baggage rules. Always confirm with Southwest Airlines and your departure airport before travel.
razor-jetblue,Razor on JetBlue,Cosmetics,Restricted,Allowed,2026-07-03,Based on general travel safety guidance and common airline baggage rules. Always confirm with JetBlue and your departure airport before travel.
razor-wizz-air,Razor on Wizz Air,Cosmetics,Restricted,Allowed,2026-07-03,Based on general travel safety guidance and common airline baggage rules. Always confirm with Wizz Air and your departure airport before travel.
razor-tui-airways,Razor on TUI Airways,Cosmetics,Restricted,Allowed,2026-07-03,Based on general travel safety guidance and common airline baggage rules. Always confirm with TUI Airways and your departure airport before travel.
razor-aer-lingus,Razor on Aer Lingus,Cosmetics,Restricted,Allowed,2026-07-03,Based on general travel safety guidance and common airline baggage rules. Always confirm with Aer Lingus and your departure airport before travel.
razor-iberia,Razor on Iberia,Cosmetics,Restricted,Allowed,2026-07-03,Based on general travel safety guidance and common airline baggage rules. Always confirm with Iberia and your departure airport before travel.
razor-vueling,Razor on Vueling,Cosmetics,Restricted,Allowed,2026-07-03,Based on general travel safety guidance and common airline baggage rules. Always confirm with Vueling and your departure airport before travel.
razor-norwegian,Razor on Norwegian,Cosmetics,Restricted,Allowed,2026-07-03,Based on general travel safety guidance and common airline baggage rules. Always confirm with Norwegian and your departure airport before travel.
razor-finnair,Razor on Finnair,Cosmetics,Restricted,Allowed,2026-07-03,Based on general travel safety guidance and common airline baggage rules. Always confirm with Finnair and your departure airport before travel.
razor-thai-airways,Razor on Thai Airways,Cosmetics,Restricted,Allowed,2026-07-03,Based on general travel safety guidance and common airline baggage rules. Always confirm with Thai Airways and your departure airport before travel.
razor-japan-airlines,Razor on Japan Airlines,Cosmetics,Restricted,Allowed,2026-07-03,Based on general travel safety guidance and common airline baggage rules. Always confirm with Japan Airlines and your departure airport before travel.
razor-ana,Razor on ANA,Cosmetics,Restricted,Allowed,2026-07-03,Based on general travel safety guidance and common airline baggage rules. Always confirm with ANA and your departure airport before travel.
razor-cathay-pacific,Razor on Cathay Pacific,Cosmetics,Restricted,Allowed,2026-07-03,Based on general travel safety guidance and common airline baggage rules. Always confirm with Cathay Pacific and your departure airport before travel.
razor-air-canada,Razor on Air Canada,Cosmetics,Restricted,Allowed,2026-07-03,Based on general travel safety guidance and common airline baggage rules. Always confirm with Air Canada and your departure airport before travel.
protein-powder-ryanair,Protein powder on Ryanair,Food & customs,Restricted,Allowed,2026-07-03,Based on general travel safety guidance and common airline baggage rules. Always confirm with Ryanair and your departure airport before travel.
protein-powder-easyjet,Protein powder on easyJet,Food & customs,Restricted,Allowed,2026-07-03,Based on general travel safety guidance and common airline baggage rules. Always confirm with easyJet and your departure airport before travel.
protein-powder-british-airways,Protein powder on British Airways,Food & customs,Restricted,Allowed,2026-07-03,Based on general travel safety guidance and common airline baggage rules. Always confirm with British Airways and your departure airport before travel.
protein-powder-emirates,Protein powder on Emirates,Food & customs,Restricted,Allowed,2026-07-03,Based on general travel safety guidance and common airline baggage rules. Always confirm with Emirates and your departure airport before travel.
protein-powder-qatar-airways,Protein powder on Qatar Airways,Food & customs,Restricted,Allowed,2026-07-03,Based on general travel safety guidance and common airline baggage rules. Always confirm with Qatar Airways and your departure airport before travel.
protein-powder-virgin-atlantic,Protein powder on Virgin Atlantic,Food & customs,Restricted,Allowed,2026-07-03,Based on general travel safety guidance and common airline baggage rules. Always confirm with Virgin Atlantic and your departure airport before travel.
protein-powder-air-india,Protein powder on Air India,Food & customs,Restricted,Allowed,2026-07-03,Based on general travel safety guidance and common airline baggage rules. Always confirm with Air India and your departure airport before travel.
protein-powder-lufthansa,Protein powder on Lufthansa,Food & customs,Restricted,Allowed,2026-07-03,Based on general travel safety guidance and common airline baggage rules. Always confirm with Lufthansa and your departure airport before travel.
protein-powder-turkish-airlines,Protein powder on Turkish Airlines,Food & customs,Restricted,Allowed,2026-07-03,Based on general travel safety guidance and common airline baggage rules. Always confirm with Turkish Airlines and your departure airport before travel.
protein-powder-singapore-airlines,Protein powder on Singapore Airlines,Food & customs,Restricted,Allowed,2026-07-03,Based on general travel safety guidance and common airline baggage rules. Always confirm with Singapore Airlines and your departure airport before travel.
protein-powder-etihad-airways,Protein powder on Etihad Airways,Food & customs,Restricted,Allowed,2026-07-03,Based on general travel safety guidance and common airline baggage rules. Always confirm with Etihad Airways and your departure airport before travel.
protein-powder-klm,Protein powder on KLM,Food & customs,Restricted,Allowed,2026-07-03,Based on general travel safety guidance and common airline baggage rules. Always confirm with KLM and your departure airport before travel.
protein-powder-air-france,Protein powder on Air France,Food & customs,Restricted,Allowed,2026-07-03,Based on general travel safety guidance and common airline baggage rules. Always confirm with Air France and your departure airport before travel.
protein-powder-american-airlines,Protein powder on American Airlines,Food & customs,Restricted,Allowed,2026-07-03,Based on general travel safety guidance and common airline baggage rules. Always confirm with American Airlines and your departure airport before travel.
protein-powder-delta-air-lines,Protein powder on Delta Air Lines,Food & customs,Restricted,Allowed,2026-07-03,Based on general travel safety guidance and common airline baggage rules. Always confirm with Delta Air Lines and your departure airport before travel.
protein-powder-united-airlines,Protein powder on United Airlines,Food & customs,Restricted,Allowed,2026-07-03,Based on general travel safety guidance and common airline baggage rules. Always confirm with United Airlines and your departure airport before travel.
protein-powder-southwest-airlines,Protein powder on Southwest Airlines,Food & customs,Restricted,Allowed,2026-07-03,Based on general travel safety guidance and common airline baggage rules. Always confirm with Southwest Airlines and your departure airport before travel.
protein-powder-jetblue,Protein powder on JetBlue,Food & customs,Restricted,Allowed,2026-07-03,Based on general travel safety guidance and common airline baggage rules. Always confirm with JetBlue and your departure airport before travel.
protein-powder-wizz-air,Protein powder on Wizz Air,Food & customs,Restricted,Allowed,2026-07-03,Based on general travel safety guidance and common airline baggage rules. Always confirm with Wizz Air and your departure airport before travel.
protein-powder-tui-airways,Protein powder on TUI Airways,Food & customs,Restricted,Allowed,2026-07-03,Based on general travel safety guidance and common airline baggage rules. Always confirm with TUI Airways and your departure airport before travel.
protein-powder-aer-lingus,Protein powder on Aer Lingus,Food & customs,Restricted,Allowed,2026-07-03,Based on general travel safety guidance and common airline baggage rules. Always confirm with Aer Lingus and your departure airport before travel.
protein-powder-iberia,Protein powder on Iberia,Food & customs,Restricted,Allowed,2026-07-03,Based on general travel safety guidance and common airline baggage rules. Always confirm with Iberia and your departure airport before travel.
protein-powder-vueling,Protein powder on Vueling,Food & customs,Restricted,Allowed,2026-07-03,Based on general travel safety guidance and common airline baggage rules. Always confirm with Vueling and your departure airport before travel.
protein-powder-norwegian,Protein powder on Norwegian,Food & customs,Restricted,Allowed,2026-07-03,Based on general travel safety guidance and common airline baggage rules. Always confirm with Norwegian and your departure airport before travel.
protein-powder-finnair,Protein powder on Finnair,Food & customs,Restricted,Allowed,2026-07-03,Based on general travel safety guidance and common airline baggage rules. Always confirm with Finnair and your departure airport before travel.
protein-powder-thai-airways,Protein powder on Thai Airways,Food & customs,Restricted,Allowed,2026-07-03,Based on general travel safety guidance and common airline baggage rules. Always confirm with Thai Airways and your departure airport before travel.
protein-powder-japan-airlines,Protein powder on Japan Airlines,Food & customs,Restricted,Allowed,2026-07-03,Based on general travel safety guidance and common airline baggage rules. Always confirm with Japan Airlines and your departure airport before travel.
protein-powder-ana,Protein powder on ANA,Food & customs,Restricted,Allowed,2026-07-03,Based on general travel safety guidance and common airline baggage rules. Always confirm with ANA and your departure airport before travel.
protein-powder-cathay-pacific,Protein powder on Cathay Pacific,Food & customs,Restricted,Allowed,2026-07-03,Based on general travel safety guidance and common airline baggage rules. Always confirm with Cathay Pacific and your departure airport before travel.
protein-powder-air-canada,Protein powder on Air Canada,Food & customs,Restricted,Allowed,2026-07-03,Based on general travel safety guidance and common airline baggage rules. Always confirm with Air Canada and your departure airport before travel.
medication-to-usa,Medication when travelling to USA,Medication,Allowed,Allowed,2026-07-03,"Based on general destination and customs guidance. Confirm with official USA customs, border or government guidance before travel."
medication-to-japan,Medication when travelling to Japan,Medication,Allowed,Allowed,2026-07-03,"Based on general destination and customs guidance. Confirm with official Japan customs, border or government guidance before travel."
medication-to-india,Medication when travelling to India,Medication,Allowed,Allowed,2026-07-03,"Based on general destination and customs guidance. Confirm with official India customs, border or government guidance before travel."
medication-to-australia,Medication when travelling to Australia,Medication,Allowed,Allowed,2026-07-03,"Based on general destination and customs guidance. Confirm with official Australia customs, border or government guidance before travel."
medication-to-canada,Medication when travelling to Canada,Medication,Allowed,Allowed,2026-07-03,"Based on general destination and customs guidance. Confirm with official Canada customs, border or government guidance before travel."
medication-to-uae,Medication when travelling to UAE,Medication,Allowed,Allowed,2026-07-03,"Based on general destination and customs guidance. Confirm with official UAE customs, border or government guidance before travel."
medication-to-thailand,Medication when travelling to Thailand,Medication,Allowed,Allowed,2026-07-03,"Based on general destination and customs guidance. Confirm with official Thailand customs, border or government guidance before travel."
medication-to-singapore,Medication when travelling to Singapore,Medication,Allowed,Allowed,2026-07-03,"Based on general destination and customs guidance. Confirm with official Singapore customs, border or government guidance before travel."
medication-to-united-kingdom,Medication when travelling to United Kingdom,Medication,Allowed,Allowed,2026-07-03,"Based on general destination and customs guidance. Confirm with official United Kingdom customs, border or government guidance before travel."
medication-to-saudi-arabia,Medication when travelling to Saudi Arabia,Medication,Allowed,Allowed,2026-07-03,"Based on general destination and customs guidance. Confirm with official Saudi Arabia customs, border or government guidance before travel."
medication-to-france,Medication when travelling to France,Medication,Allowed,Allowed,2026-07-03,"Based on general destination and customs guidance. Confirm with official France customs, border or government guidance before travel."
medication-to-germany,Medication when travelling to Germany,Medication,Allowed,Allowed,2026-07-03,"Based on general destination and customs guidance. Confirm with official Germany customs, border or government guidance before travel."
medication-to-italy,Medication when travelling to Italy,Medication,Allowed,Allowed,2026-07-03,"Based on general destination and customs guidance. Confirm with official Italy customs, border or government guidance before travel."
medication-to-spain,Medication when travelling to Spain,Medication,Allowed,Allowed,2026-07-03,"Based on general destination and customs guidance. Confirm with official Spain customs, border or government guidance before travel."
medication-to-turkey,Medication when travelling to Turkey,Medication,Allowed,Allowed,2026-07-03,"Based on general destination and customs guidance. Confirm with official Turkey customs, border or government guidance before travel."
medication-to-qatar,Medication when travelling to Qatar,Medication,Allowed,Allowed,2026-07-03,"Based on general destination and customs guidance. Confirm with official Qatar customs, border or government guidance before travel."
medication-to-south-korea,Medication when travelling to South Korea,Medication,Allowed,Allowed,2026-07-03,"Based on general destination and customs guidance. Confirm with official South Korea customs, border or government guidance before travel."
medication-to-china,Medication when travelling to China,Medication,Allowed,Allowed,2026-07-03,"Based on general destination and customs guidance. Confirm with official China customs, border or government guidance before travel."
medication-to-new-zealand,Medication when travelling to New Zealand,Medication,Allowed,Allowed,2026-07-03,"Based on general destination and customs guidance. Confirm with official New Zealand customs, border or government guidance before travel."
medication-to-south-africa,Medication when travelling to South Africa,Medication,Allowed,Allowed,2026-07-03,"Based on general destination and customs guidance. Confirm with official South Africa customs, border or government guidance before travel."
baby-milk-to-usa,Baby milk when travelling to USA,Baby travel,Allowed,Allowed,2026-07-03,"Based on general destination and customs guidance. Confirm with official USA customs, border or government guidance before travel."
baby-milk-to-japan,Baby milk when travelling to Japan,Baby travel,Allowed,Allowed,2026-07-03,"Based on general destination and customs guidance. Confirm with official Japan customs, border or government guidance before travel."
baby-milk-to-india,Baby milk when travelling to India,Baby travel,Allowed,Allowed,2026-07-03,"Based on general destination and customs guidance. Confirm with official India customs, border or government guidance before travel."
baby-milk-to-australia,Baby milk when travelling to Australia,Baby travel,Allowed,Allowed,2026-07-03,"Based on general destination and customs guidance. Confirm with official Australia customs, border or government guidance before travel."
baby-milk-to-canada,Baby milk when travelling to Canada,Baby travel,Allowed,Allowed,2026-07-03,"Based on general destination and customs guidance. Confirm with official Canada customs, border or government guidance before travel."
baby-milk-to-uae,Baby milk when travelling to UAE,Baby travel,Allowed,Allowed,2026-07-03,"Based on general destination and customs guidance. Confirm with official UAE customs, border or government guidance before travel."
baby-milk-to-thailand,Baby milk when travelling to Thailand,Baby travel,Allowed,Allowed,2026-07-03,"Based on general destination and customs guidance. Confirm with official Thailand customs, border or government guidance before travel."
baby-milk-to-singapore,Baby milk when travelling to Singapore,Baby travel,Allowed,Allowed,2026-07-03,"Based on general destination and customs guidance. Confirm with official Singapore customs, border or government guidance before travel."
baby-milk-to-united-kingdom,Baby milk when travelling to United Kingdom,Baby travel,Allowed,Allowed,2026-07-03,"Based on general destination and customs guidance. Confirm with official United Kingdom customs, border or government guidance before travel."
baby-milk-to-saudi-arabia,Baby milk when travelling to Saudi Arabia,Baby travel,Allowed,Allowed,2026-07-03,"Based on general destination and customs guidance. Confirm with official Saudi Arabia customs, border or government guidance before travel."
baby-milk-to-france,Baby milk when travelling to France,Baby travel,Allowed,Allowed,2026-07-03,"Based on general destination and customs guidance. Confirm with official France customs, border or government guidance before travel."
baby-milk-to-germany,Baby milk when travelling to Germany,Baby travel,Allowed,Allowed,2026-07-03,"Based on general destination and customs guidance. Confirm with official Germany customs, border or government guidance before travel."
baby-milk-to-italy,Baby milk when travelling to Italy,Baby travel,Allowed,Allowed,2026-07-03,"Based on general destination and customs guidance. Confirm with official Italy customs, border or government guidance before travel."
baby-milk-to-spain,Baby milk when travelling to Spain,Baby travel,Allowed,Allowed,2026-07-03,"Based on general destination and customs guidance. Confirm with official Spain customs, border or government guidance before travel."
baby-milk-to-turkey,Baby milk when travelling to Turkey,Baby travel,Allowed,Allowed,2026-07-03,"Based on general destination and customs guidance. Confirm with official Turkey customs, border or government guidance before travel."
baby-milk-to-qatar,Baby milk when travelling to Qatar,Baby travel,Allowed,Allowed,2026-07-03,"Based on general destination and customs guidance. Confirm with official Qatar customs, border or government guidance before travel."
baby-milk-to-south-korea,Baby milk when travelling to South Korea,Baby travel,Allowed,Allowed,2026-07-03,"Based on general destination and customs guidance. Confirm with official South Korea customs, border or government guidance before travel."
baby-milk-to-china,Baby milk when travelling to China,Baby travel,Allowed,Allowed,2026-07-03,"Based on general destination and customs guidance. Confirm with official China customs, border or government guidance before travel."
baby-milk-to-new-zealand,Baby milk when travelling to New Zealand,Baby travel,Allowed,Allowed,2026-07-03,"Based on general destination and customs guidance. Confirm with official New Zealand customs, border or government guidance before travel."
baby-milk-to-south-africa,Baby milk when travelling to South Africa,Baby travel,Allowed,Allowed,2026-07-03,"Based on general destination and customs guidance. Confirm with official South Africa customs, border or government guidance before travel."
perfume-to-usa,Perfume when travelling to USA,Cosmetics,Restricted,Allowed,2026-07-03,"Based on general destination and customs guidance. Confirm with official USA customs, border or government guidance before travel."
perfume-to-japan,Perfume when travelling to Japan,Cosmetics,Restricted,Allowed,2026-07-03,"Based on general destination and customs guidance. Confirm with official Japan customs, border or government guidance before travel."
perfume-to-india,Perfume when travelling to India,Cosmetics,Restricted,Allowed,2026-07-03,"Based on general destination and customs guidance. Confirm with official India customs, border or government guidance before travel."
perfume-to-australia,Perfume when travelling to Australia,Cosmetics,Restricted,Allowed,2026-07-03,"Based on general destination and customs guidance. Confirm with official Australia customs, border or government guidance before travel."
perfume-to-canada,Perfume when travelling to Canada,Cosmetics,Restricted,Allowed,2026-07-03,"Based on general destination and customs guidance. Confirm with official Canada customs, border or government guidance before travel."
perfume-to-uae,Perfume when travelling to UAE,Cosmetics,Restricted,Allowed,2026-07-03,"Based on general destination and customs guidance. Confirm with official UAE customs, border or government guidance before travel."
perfume-to-thailand,Perfume when travelling to Thailand,Cosmetics,Restricted,Allowed,2026-07-03,"Based on general destination and customs guidance. Confirm with official Thailand customs, border or government guidance before travel."
perfume-to-singapore,Perfume when travelling to Singapore,Cosmetics,Restricted,Allowed,2026-07-03,"Based on general destination and customs guidance. Confirm with official Singapore customs, border or government guidance before travel."
perfume-to-united-kingdom,Perfume when travelling to United Kingdom,Cosmetics,Restricted,Allowed,2026-07-03,"Based on general destination and customs guidance. Confirm with official United Kingdom customs, border or government guidance before travel."
perfume-to-saudi-arabia,Perfume when travelling to Saudi Arabia,Cosmetics,Restricted,Allowed,2026-07-03,"Based on general destination and customs guidance. Confirm with official Saudi Arabia customs, border or government guidance before travel."
perfume-to-france,Perfume when travelling to France,Cosmetics,Restricted,Allowed,2026-07-03,"Based on general destination and customs guidance. Confirm with official France customs, border or government guidance before travel."
perfume-to-germany,Perfume when travelling to Germany,Cosmetics,Restricted,Allowed,2026-07-03,"Based on general destination and customs guidance. Confirm with official Germany customs, border or government guidance before travel."
perfume-to-italy,Perfume when travelling to Italy,Cosmetics,Restricted,Allowed,2026-07-03,"Based on general destination and customs guidance. Confirm with official Italy customs, border or government guidance before travel."
perfume-to-spain,Perfume when travelling to Spain,Cosmetics,Restricted,Allowed,2026-07-03,"Based on general destination and customs guidance. Confirm with official Spain customs, border or government guidance before travel."
perfume-to-turkey,Perfume when travelling to Turkey,Cosmetics,Restricted,Allowed,2026-07-03,"Based on general destination and customs guidance. Confirm with official Turkey customs, border or government guidance before travel."
perfume-to-qatar,Perfume when travelling to Qatar,Cosmetics,Restricted,Allowed,2026-07-03,"Based on general destination and customs guidance. Confirm with official Qatar customs, border or government guidance before travel."
perfume-to-south-korea,Perfume when travelling to South Korea,Cosmetics,Restricted,Allowed,2026-07-03,"Based on general destination and customs guidance. Confirm with official South Korea customs, border or government guidance before travel."
perfume-to-china,Perfume when travelling to China,Cosmetics,Restricted,Allowed,2026-07-03,"Based on general destination and customs guidance. Confirm with official China customs, border or government guidance before travel."
perfume-to-new-zealand,Perfume when travelling to New Zealand,Cosmetics,Restricted,Allowed,2026-07-03,"Based on general destination and customs guidance. Confirm with official New Zealand customs, border or government guidance before travel."
perfume-to-south-africa,Perfume when travelling to South Africa,Cosmetics,Restricted,Allowed,2026-07-03,"Based on general destination and customs guidance. Confirm with official South Africa customs, border or government guidance before travel."
cpap-machine-to-usa,CPAP machine when travelling to USA,Medication,Allowed,Allowed,2026-07-03,"Based on general destination and customs guidance. Confirm with official USA customs, border or government guidance before travel."
cpap-machine-to-japan,CPAP machine when travelling to Japan,Medication,Allowed,Allowed,2026-07-03,"Based on general destination and customs guidance. Confirm with official Japan customs, border or government guidance before travel."
cpap-machine-to-india,CPAP machine when travelling to India,Medication,Allowed,Allowed,2026-07-03,"Based on general destination and customs guidance. Confirm with official India customs, border or government guidance before travel."
cpap-machine-to-australia,CPAP machine when travelling to Australia,Medication,Allowed,Allowed,2026-07-03,"Based on general destination and customs guidance. Confirm with official Australia customs, border or government guidance before travel."
cpap-machine-to-canada,CPAP machine when travelling to Canada,Medication,Allowed,Allowed,2026-07-03,"Based on general destination and customs guidance. Confirm with official Canada customs, border or government guidance before travel."
cpap-machine-to-uae,CPAP machine when travelling to UAE,Medication,Allowed,Allowed,2026-07-03,"Based on general destination and customs guidance. Confirm with official UAE customs, border or government guidance before travel."
cpap-machine-to-thailand,CPAP machine when travelling to Thailand,Medication,Allowed,Allowed,2026-07-03,"Based on general destination and customs guidance. Confirm with official Thailand customs, border or government guidance before travel."
cpap-machine-to-singapore,CPAP machine when travelling to Singapore,Medication,Allowed,Allowed,2026-07-03,"Based on general destination and customs guidance. Confirm with official Singapore customs, border or government guidance before travel."
cpap-machine-to-united-kingdom,CPAP machine when travelling to United Kingdom,Medication,Allowed,Allowed,2026-07-03,"Based on general destination and customs guidance. Confirm with official United Kingdom customs, border or government guidance before travel."
cpap-machine-to-saudi-arabia,CPAP machine when travelling to Saudi Arabia,Medication,Allowed,Allowed,2026-07-03,"Based on general destination and customs guidance. Confirm with official Saudi Arabia customs, border or government guidance before travel."
cpap-machine-to-france,CPAP machine when travelling to France,Medication,Allowed,Allowed,2026-07-03,"Based on general destination and customs guidance. Confirm with official France customs, border or government guidance before travel."
cpap-machine-to-germany,CPAP machine when travelling to Germany,Medication,Allowed,Allowed,2026-07-03,"Based on general destination and customs guidance. Confirm with official Germany customs, border or government guidance before travel."
cpap-machine-to-italy,CPAP machine when travelling to Italy,Medication,Allowed,Allowed,2026-07-03,"Based on general destination and customs guidance. Confirm with official Italy customs, border or government guidance before travel."
cpap-machine-to-spain,CPAP machine when travelling to Spain,Medication,Allowed,Allowed,2026-07-03,"Based on general destination and customs guidance. Confirm with official Spain customs, border or government guidance before travel."
cpap-machine-to-turkey,CPAP machine when travelling to Turkey,Medication,Allowed,Allowed,2026-07-03,"Based on general destination and customs guidance. Confirm with official Turkey customs, border or government guidance before travel."
cpap-machine-to-qatar,CPAP machine when travelling to Qatar,Medication,Allowed,Allowed,2026-07-03,"Based on general destination and customs guidance. Confirm with official Qatar customs, border or government guidance before travel."
cpap-machine-to-south-korea,CPAP machine when travelling to South Korea,Medication,Allowed,Allowed,2026-07-03,"Based on general destination and customs guidance. Confirm with official South Korea customs, border or government guidance before travel."
cpap-machine-to-china,CPAP machine when travelling to China,Medication,Allowed,Allowed,2026-07-03,"Based on general destination and customs guidance. Confirm with official China customs, border or government guidance before travel."
cpap-machine-to-new-zealand,CPAP machine when travelling to New Zealand,Medication,Allowed,Allowed,2026-07-03,"Based on general destination and customs guidance. Confirm with official New Zealand customs, border or government guidance before travel."
cpap-machine-to-south-africa,CPAP machine when travelling to South Africa,Medication,Allowed,Allowed,2026-07-03,"Based on general destination and customs guidance. Confirm with official South Africa customs, border or government guidance before travel."
drone-to-usa,Drone when travelling to USA,Electronics,Restricted,Restricted,2026-07-03,"Based on general destination and customs guidance. Confirm with official USA customs, border or government guidance before travel."
drone-to-japan,Drone when travelling to Japan,Electronics,Restricted,Restricted,2026-07-03,"Based on general destination and customs guidance. Confirm with official Japan customs, border or government guidance before travel."
drone-to-india,Drone when travelling to India,Electronics,Restricted,Restricted,2026-07-03,"Based on general destination and customs guidance. Confirm with official India customs, border or government guidance before travel."
drone-to-australia,Drone when travelling to Australia,Electronics,Restricted,Restricted,2026-07-03,"Based on general destination and customs guidance. Confirm with official Australia customs, border or government guidance before travel."
drone-to-canada,Drone when travelling to Canada,Electronics,Restricted,Restricted,2026-07-03,"Based on general destination and customs guidance. Confirm with official Canada customs, border or government guidance before travel."
drone-to-uae,Drone when travelling to UAE,Electronics,Restricted,Restricted,2026-07-03,"Based on general destination and customs guidance. Confirm with official UAE customs, border or government guidance before travel."
drone-to-thailand,Drone when travelling to Thailand,Electronics,Restricted,Restricted,2026-07-03,"Based on general destination and customs guidance. Confirm with official Thailand customs, border or government guidance before travel."
drone-to-singapore,Drone when travelling to Singapore,Electronics,Restricted,Restricted,2026-07-03,"Based on general destination and customs guidance. Confirm with official Singapore customs, border or government guidance before travel."
drone-to-united-kingdom,Drone when travelling to United Kingdom,Electronics,Restricted,Restricted,2026-07-03,"Based on general destination and customs guidance. Confirm with official United Kingdom customs, border or government guidance before travel."
drone-to-saudi-arabia,Drone when travelling to Saudi Arabia,Electronics,Restricted,Restricted,2026-07-03,"Based on general destination and customs guidance. Confirm with official Saudi Arabia customs, border or government guidance before travel."
drone-to-france,Drone when travelling to France,Electronics,Restricted,Restricted,2026-07-03,"Based on general destination and customs guidance. Confirm with official France customs, border or government guidance before travel."
drone-to-germany,Drone when travelling to Germany,Electronics,Restricted,Restricted,2026-07-03,"Based on general destination and customs guidance. Confirm with official Germany customs, border or government guidance before travel."
drone-to-italy,Drone when travelling to Italy,Electronics,Restricted,Restricted,2026-07-03,"Based on general destination and customs guidance. Confirm with official Italy customs, border or government guidance before travel."
drone-to-spain,Drone when travelling to Spain,Electronics,Restricted,Restricted,2026-07-03,"Based on general destination and customs guidance. Confirm with official Spain customs, border or government guidance before travel."
drone-to-turkey,Drone when travelling to Turkey,Electronics,Restricted,Restricted,2026-07-03,"Based on general destination and customs guidance. Confirm with official Turkey customs, border or government guidance before travel."
drone-to-qatar,Drone when travelling to Qatar,Electronics,Restricted,Restricted,2026-07-03,"Based on general destination and customs guidance. Confirm with official Qatar customs, border or government guidance before travel."
drone-to-south-korea,Drone when travelling to South Korea,Electronics,Restricted,Restricted,2026-07-03,"Based on general destination and customs guidance. Confirm with official South Korea customs, border or government guidance before travel."
drone-to-china,Drone when travelling to China,Electronics,Restricted,Restricted,2026-07-03,"Based on general destination and customs guidance. Confirm with official China customs, border or government guidance before travel."
drone-to-new-zealand,Drone when travelling to New Zealand,Electronics,Restricted,Restricted,2026-07-03,"Based on general destination and customs guidance. Confirm with official New Zealand customs, border or government guidance before travel."
drone-to-south-africa,Drone when travelling to South Africa,Electronics,Restricted,Restricted,2026-07-03,"Based on general destination and customs guidance. Confirm with official South Africa customs, border or government guidance before travel."
protein-powder-to-usa,Protein powder when travelling to USA,Food & customs,Restricted,Allowed,2026-07-03,"Based on general destination and customs guidance. Confirm with official USA customs, border or government guidance before travel."
protein-powder-to-japan,Protein powder when travelling to Japan,Food & customs,Restricted,Allowed,2026-07-03,"Based on general destination and customs guidance. Confirm with official Japan customs, border or government guidance before travel."
protein-powder-to-india,Protein powder when travelling to India,Food & customs,Restricted,Allowed,2026-07-03,"Based on general destination and customs guidance. Confirm with official India customs, border or government guidance before travel."
protein-powder-to-australia,Protein powder when travelling to Australia,Food & customs,Restricted,Allowed,2026-07-03,"Based on general destination and customs guidance. Confirm with official Australia customs, border or government guidance before travel."
protein-powder-to-canada,Protein powder when travelling to Canada,Food & customs,Restricted,Allowed,2026-07-03,"Based on general destination and customs guidance. Confirm with official Canada customs, border or government guidance before travel."
protein-powder-to-uae,Protein powder when travelling to UAE,Food & customs,Restricted,Allowed,2026-07-03,"Based on general destination and customs guidance. Confirm with official UAE customs, border or government guidance before travel."
protein-powder-to-thailand,Protein powder when travelling to Thailand,Food & customs,Restricted,Allowed,2026-07-03,"Based on general destination and customs guidance. Confirm with official Thailand customs, border or government guidance before travel."
protein-powder-to-singapore,Protein powder when travelling to Singapore,Food & customs,Restricted,Allowed,2026-07-03,"Based on general destination and customs guidance. Confirm with official Singapore customs, border or government guidance before travel."
protein-powder-to-united-kingdom,Protein powder when travelling to United Kingdom,Food & customs,Restricted,Allowed,2026-07-03,"Based on general destination and customs guidance. Confirm with official United Kingdom customs, border or government guidance before travel."
protein-powder-to-saudi-arabia,Protein powder when travelling to Saudi Arabia,Food & customs,Restricted,Allowed,2026-07-03,"Based on general destination and customs guidance. Confirm with official Saudi Arabia customs, border or government guidance before travel."
protein-powder-to-france,Protein powder when travelling to France,Food & customs,Restricted,Allowed,2026-07-03,"Based on general destination and customs guidance. Confirm with official France customs, border or government guidance before travel."
protein-powder-to-germany,Protein powder when travelling to Germany,Food & customs,Restricted,Allowed,2026-07-03,"Based on general destination and customs guidance. Confirm with official Germany customs, border or government guidance before travel."
protein-powder-to-italy,Protein powder when travelling to Italy,Food & customs,Restricted,Allowed,2026-07-03,"Based on general destination and customs guidance. Confirm with official Italy customs, border or government guidance before travel."
protein-powder-to-spain,Protein powder when travelling to Spain,Food & customs,Restricted,Allowed,2026-07-03,"Based on general destination and customs guidance. Confirm with official Spain customs, border or government guidance before travel."
protein-powder-to-turkey,Protein powder when travelling to Turkey,Food & customs,Restricted,Allowed,2026-07-03,"Based on general destination and customs guidance. Confirm with official Turkey customs, border or government guidance before travel."
protein-powder-to-qatar,Protein powder when travelling to Qatar,Food & customs,Restricted,Allowed,2026-07-03,"Based on general destination and customs guidance. Confirm with official Qatar customs, border or government guidance before travel."
protein-powder-to-south-korea,Protein powder when travelling to South Korea,Food & customs,Restricted,Allowed,2026-07-03,"Based on general destination and customs guidance. Confirm with official South Korea customs, border or government guidance before travel."
protein-powder-to-china,Protein powder when travelling to China,Food & customs,Restricted,Allowed,2026-07-03,"Based on general destination and customs guidance. Confirm with official China customs, border or government guidance before travel."
protein-powder-to-new-zealand,Protein powder when travelling to New Zealand,Food & customs,Restricted,Allowed,2026-07-03,"Based on general destination and customs guidance. Confirm with official New Zealand customs, border or government guidance before travel."
